{"cameraMode":{"drawMode":0,"name":"Shaded","section":"Shading Mode"},"sceneLighting":true,"audioPlay":false,"sceneViewState":{"m_AlwaysRefresh":false,"showFog":true,"showSkybox":true,"showFlares":true,"showImageEffects":true,"showParticleSystems":true,"showVisualEffectGraphs":true,"m_FxEnabled":true},"in2DMode":false,"pivot":{"x":0.8177639842033386,"y":5.863531589508057,"z":53.43379211425781},"rotation":{"x":-0.061458736658096316,"y":0.012291885912418366,"z":0.0007645394653081894,"w":0.9980634450912476},"size":38.23965072631836,"orthographic":false}